trial,testing,parameters,initial_deadline,final_deadline,net_reward,actions,success
1,False,"{'a': 0.5, 'e': 1}",20,0,-198.8244274038615,"{0: 11, 1: 2, 2: 2, 3: 1, 4: 4}",0
2,False,"{'a': 0.5, 'e': 1}",30,0,-103.97162560369686,"{0: 20, 1: 2, 2: 6, 3: 1, 4: 1}",0
3,False,"{'a': 0.5, 'e': 1}",20,0,-142.03157336538658,"{0: 12, 1: 1, 2: 3, 3: 2, 4: 2}",0
4,False,"{'a': 0.5, 'e': 1}",20,0,-165.69912730647047,"{0: 10, 1: 4, 2: 2, 3: 1, 4: 3}",0
5,False,"{'a': 0.5, 'e': 1}",25,0,-115.72150292459821,"{0: 16, 1: 1, 2: 5, 3: 2, 4: 1}",0
6,False,"{'a': 0.5, 'e': 1}",30,0,-117.55162539059484,"{0: 21, 1: 0, 2: 6, 3: 2, 4: 1}",0
7,False,"{'a': 0.5, 'e': 1}",25,0,-146.6304549349418,"{0: 14, 1: 0, 2: 8, 3: 2, 4: 1}",0
8,False,"{'a': 0.5, 'e': 1}",20,0,-90.81061450895044,"{0: 14, 1: 2, 2: 2, 3: 0, 4: 2}",0
9,False,"{'a': 0.5, 'e': 1}",20,0,-89.86457625505655,"{0: 12, 1: 1, 2: 6, 3: 0, 4: 1}",0
10,False,"{'a': 0.5, 'e': 1}",20,0,-186.59431290622805,"{0: 10, 1: 0, 2: 6, 3: 1, 4: 3}",0
11,False,"{'a': 0.5, 'e': 1}",20,0,-43.668561397379,"{0: 14, 1: 0, 2: 6, 3: 0, 4: 0}",0
12,False,"{'a': 0.5, 'e': 1}",20,0,-98.73258208722022,"{0: 11, 1: 4, 2: 3, 3: 1, 4: 1}",0
13,False,"{'a': 0.5, 'e': 1}",20,0,-49.83166655300204,"{0: 16, 1: 0, 2: 3, 3: 0, 4: 1}",0
14,False,"{'a': 0.5, 'e': 1}",20,0,-106.44196313438519,"{0: 9, 1: 5, 2: 4, 3: 1, 4: 1}",0
15,False,"{'a': 0.5, 'e': 1}",20,0,-124.04053359332683,"{0: 12, 1: 2, 2: 3, 3: 1, 4: 2}",0
16,False,"{'a': 0.5, 'e': 1}",20,0,-51.7504057365635,"{0: 12, 1: 3, 2: 5, 3: 0, 4: 0}",0
17,False,"{'a': 0.5, 'e': 1}",20,10,-58.82119015758365,"{0: 7, 1: 0, 2: 1, 3: 1, 4: 1}",1
18,False,"{'a': 0.5, 'e': 1}",20,0,-100.64678401828931,"{0: 10, 1: 4, 2: 5, 3: 0, 4: 1}",0
19,False,"{'a': 0.5, 'e': 1}",25,0,-80.59244336688099,"{0: 15, 1: 3, 2: 6, 3: 1, 4: 0}",0
20,False,"{'a': 0.5, 'e': 1}",20,0,-45.1378073856663,"{0: 13, 1: 2, 2: 5, 3: 0, 4: 0}",0
21,False,"{'a': 0.5, 'e': 1}",20,1,-76.32417528952472,"{0: 10, 1: 0, 2: 9, 3: 0, 4: 0}",1
22,False,"{'a': 0.5, 'e': 1}",30,0,-175.16629587891902,"{0: 16, 1: 4, 2: 7, 3: 1, 4: 2}",0
23,False,"{'a': 0.5, 'e': 1}",20,0,-136.80181177044,"{0: 12, 1: 4, 2: 1, 3: 0, 4: 3}",0
24,False,"{'a': 0.5, 'e': 1}",20,12,-49.59153014893832,"{0: 5, 1: 0, 2: 2, 3: 0, 4: 1}",1
25,False,"{'a': 0.5, 'e': 1}",20,0,-39.96968018422309,"{0: 14, 1: 3, 2: 2, 3: 1, 4: 0}",0
26,False,"{'a': 0.5, 'e': 1}",20,0,-119.55365954899254,"{0: 10, 1: 3, 2: 4, 3: 2, 4: 1}",0
27,False,"{'a': 0.5, 'e': 1}",25,0,-196.76548819530836,"{0: 15, 1: 2, 2: 4, 3: 0, 4: 4}",0
28,False,"{'a': 0.5, 'e': 1}",20,0,-117.8795006673596,"{0: 12, 1: 0, 2: 5, 3: 2, 4: 1}",0
29,False,"{'a': 0.5, 'e': 1}",25,0,-209.84361104803196,"{0: 13, 1: 4, 2: 3, 3: 1, 4: 4}",0
30,False,"{'a': 0.5, 'e': 1}",25,0,-131.84511056758882,"{0: 17, 1: 3, 2: 1, 3: 2, 4: 2}",0
31,False,"{'a': 0.5, 'e': 1}",20,0,-100.67147957453736,"{0: 14, 1: 1, 2: 3, 3: 0, 4: 2}",0
32,False,"{'a': 0.5, 'e': 1}",30,0,-130.66505203246984,"{0: 19, 1: 3, 2: 4, 3: 3, 4: 1}",0
33,False,"{'a': 0.5, 'e': 1}",20,0,-100.79860946158196,"{0: 10, 1: 2, 2: 6, 3: 2, 4: 0}",0
34,False,"{'a': 0.5, 'e': 1}",25,0,-219.598862081871,"{0: 14, 1: 1, 2: 3, 3: 4, 4: 3}",0
35,False,"{'a': 0.5, 'e': 1}",25,0,-193.8868580628193,"{0: 12, 1: 0, 2: 9, 3: 2, 4: 2}",0
36,False,"{'a': 0.5, 'e': 1}",25,0,-104.40523289869674,"{0: 19, 1: 2, 2: 1, 3: 1, 4: 2}",0
37,False,"{'a': 0.5, 'e': 1}",30,0,-160.84646346555152,"{0: 13, 1: 9, 2: 5, 3: 2, 4: 1}",0
38,False,"{'a': 0.5, 'e': 1}",20,0,-102.00450199530997,"{0: 13, 1: 0, 2: 4, 3: 2, 4: 1}",0
39,False,"{'a': 0.5, 'e': 1}",30,0,-122.5581187528933,"{0: 19, 1: 4, 2: 4, 3: 2, 4: 1}",0
40,False,"{'a': 0.5, 'e': 1}",25,0,-114.98402159626094,"{0: 17, 1: 3, 2: 2, 3: 1, 4: 2}",0
41,False,"{'a': 0.5, 'e': 1}",20,0,-138.21644095724753,"{0: 9, 1: 4, 2: 3, 3: 3, 4: 1}",0
42,False,"{'a': 0.5, 'e': 1}",20,0,-149.614888982812,"{0: 10, 1: 3, 2: 4, 3: 1, 4: 2}",0
43,False,"{'a': 0.5, 'e': 1}",20,0,-107.8080709230362,"{0: 12, 1: 2, 2: 3, 3: 2, 4: 1}",0
44,False,"{'a': 0.5, 'e': 1}",25,0,-105.87096258245606,"{0: 17, 1: 1, 2: 4, 3: 2, 4: 1}",0
45,False,"{'a': 0.5, 'e': 1}",20,0,-195.54222848371896,"{0: 8, 1: 3, 2: 5, 3: 1, 4: 3}",0
46,False,"{'a': 0.5, 'e': 1}",25,0,-181.38830548495875,"{0: 13, 1: 1, 2: 7, 3: 2, 4: 2}",0
47,False,"{'a': 0.5, 'e': 1}",25,0,-116.6123482891024,"{0: 16, 1: 0, 2: 7, 3: 1, 4: 1}",0
48,False,"{'a': 0.5, 'e': 1}",25,0,-42.6206292386276,"{0: 18, 1: 4, 2: 2, 3: 1, 4: 0}",0
49,False,"{'a': 0.5, 'e': 1}",20,0,-58.340933729652726,"{0: 11, 1: 5, 2: 3, 3: 1, 4: 0}",0
50,False,"{'a': 0.5, 'e': 1}",20,0,-145.77186659970877,"{0: 9, 1: 5, 2: 3, 3: 1, 4: 2}",0
51,False,"{'a': 0.5, 'e': 1}",30,0,-203.47932456723618,"{0: 17, 1: 2, 2: 7, 3: 1, 4: 3}",0
52,False,"{'a': 0.5, 'e': 1}",20,0,-154.2688498016909,"{0: 9, 1: 0, 2: 9, 3: 0, 4: 2}",0
53,False,"{'a': 0.5, 'e': 1}",25,0,-101.04550608046932,"{0: 17, 1: 3, 2: 3, 3: 0, 4: 2}",0
54,False,"{'a': 0.5, 'e': 1}",20,0,-37.65913106816219,"{0: 14, 1: 3, 2: 2, 3: 1, 4: 0}",0
55,False,"{'a': 0.5, 'e': 1}",25,0,-151.38246737946008,"{0: 15, 1: 2, 2: 4, 3: 2, 4: 2}",0
56,False,"{'a': 0.5, 'e': 1}",25,0,-106.72206523351431,"{0: 18, 1: 1, 2: 4, 3: 0, 4: 2}",0
57,False,"{'a': 0.5, 'e': 1}",20,0,-230.47035218219895,"{0: 9, 1: 2, 2: 3, 3: 2, 4: 4}",0
58,False,"{'a': 0.5, 'e': 1}",20,0,-179.25890398632086,"{0: 10, 1: 2, 2: 4, 3: 1, 4: 3}",0
59,False,"{'a': 0.5, 'e': 1}",20,15,1.904493901469475,"{0: 4, 1: 1, 2: 0, 3: 0, 4: 0}",1
60,False,"{'a': 0.5, 'e': 1}",20,0,-39.93800572681889,"{0: 13, 1: 3, 2: 4, 3: 0, 4: 0}",0
61,False,"{'a': 0.5, 'e': 1}",30,0,-198.76736112239976,"{0: 13, 1: 4, 2: 9, 3: 3, 4: 1}",0
62,False,"{'a': 0.5, 'e': 1}",25,8,-27.836158155533923,"{0: 12, 1: 3, 2: 1, 3: 1, 4: 0}",1
63,False,"{'a': 0.5, 'e': 1}",25,0,-79.95692367718719,"{0: 19, 1: 0, 2: 4, 3: 1, 4: 1}",0
64,False,"{'a': 0.5, 'e': 1}",20,0,-107.65742072954546,"{0: 12, 1: 4, 2: 2, 3: 0, 4: 2}",0
65,False,"{'a': 0.5, 'e': 1}",20,0,-101.56748727676052,"{0: 10, 1: 5, 2: 3, 3: 1, 4: 1}",0
66,False,"{'a': 0.5, 'e': 1}",25,0,-181.0778667313536,"{0: 11, 1: 4, 2: 7, 3: 1, 4: 2}",0
67,False,"{'a': 0.5, 'e': 1}",25,0,-89.8114987669107,"{0: 16, 1: 3, 2: 5, 3: 0, 4: 1}",0
68,False,"{'a': 0.5, 'e': 1}",20,0,-67.80259901471054,"{0: 11, 1: 4, 2: 4, 3: 1, 4: 0}",0
69,False,"{'a': 0.5, 'e': 1}",25,0,-85.6095888301321,"{0: 17, 1: 3, 2: 3, 3: 1, 4: 1}",0
70,False,"{'a': 0.5, 'e': 1}",30,0,-183.28741367059365,"{0: 20, 1: 2, 2: 2, 3: 3, 4: 3}",0
71,False,"{'a': 0.5, 'e': 1}",20,0,-150.73224354026786,"{0: 8, 1: 3, 2: 7, 3: 0, 4: 2}",0
72,False,"{'a': 0.5, 'e': 1}",20,10,-80.65817610360419,"{0: 5, 1: 0, 2: 3, 3: 1, 4: 1}",1
73,False,"{'a': 0.5, 'e': 1}",25,0,-82.41827829563137,"{0: 16, 1: 1, 2: 7, 3: 1, 4: 0}",0
74,False,"{'a': 0.5, 'e': 1}",25,0,-132.36480475621974,"{0: 16, 1: 2, 2: 4, 3: 1, 4: 2}",0
75,False,"{'a': 0.5, 'e': 1}",20,0,-137.3547338838118,"{0: 11, 1: 2, 2: 4, 3: 1, 4: 2}",0
76,False,"{'a': 0.5, 'e': 1}",20,0,-113.32190879991171,"{0: 11, 1: 0, 2: 8, 3: 0, 4: 1}",0
77,False,"{'a': 0.5, 'e': 1}",20,0,-175.84560742321528,"{0: 12, 1: 0, 2: 3, 3: 2, 4: 3}",0
78,False,"{'a': 0.5, 'e': 1}",20,0,-49.98304806505482,"{0: 13, 1: 1, 2: 6, 3: 0, 4: 0}",0
79,False,"{'a': 0.5, 'e': 1}",25,0,-278.2332524973972,"{0: 11, 1: 2, 2: 6, 3: 1, 4: 5}",0
80,False,"{'a': 0.5, 'e': 1}",25,0,-44.19287086339928,"{0: 18, 1: 3, 2: 3, 3: 1, 4: 0}",0
81,False,"{'a': 0.5, 'e': 1}",25,0,-71.02391913312785,"{0: 15, 1: 2, 2: 8, 3: 0, 4: 0}",0
82,False,"{'a': 0.5, 'e': 1}",25,0,-144.9499345924377,"{0: 15, 1: 4, 2: 2, 3: 2, 4: 2}",0
83,False,"{'a': 0.5, 'e': 1}",30,14,-161.22389122802443,"{0: 7, 1: 0, 2: 5, 3: 2, 4: 2}",1
84,False,"{'a': 0.5, 'e': 1}",20,0,-28.552132958478623,"{0: 16, 1: 1, 2: 2, 3: 1, 4: 0}",0
85,False,"{'a': 0.5, 'e': 1}",20,0,-56.86292347920088,"{0: 14, 1: 1, 2: 3, 3: 2, 4: 0}",0
86,False,"{'a': 0.5, 'e': 1}",20,0,-90.76958000921982,"{0: 13, 1: 1, 2: 4, 3: 1, 4: 1}",0
87,False,"{'a': 0.5, 'e': 1}",20,0,-108.98050394514294,"{0: 11, 1: 1, 2: 6, 3: 1, 4: 1}",0
88,False,"{'a': 0.5, 'e': 1}",20,0,-45.66903683931368,"{0: 13, 1: 3, 2: 4, 3: 0, 4: 0}",0
89,False,"{'a': 0.5, 'e': 1}",30,0,-206.07645388545066,"{0: 17, 1: 0, 2: 8, 3: 3, 4: 2}",0
90,False,"{'a': 0.5, 'e': 1}",20,0,-195.1849870445637,"{0: 11, 1: 1, 2: 2, 3: 3, 4: 3}",0
91,False,"{'a': 0.5, 'e': 1}",25,0,-131.33646100281743,"{0: 15, 1: 2, 2: 6, 3: 0, 4: 2}",0
92,False,"{'a': 0.5, 'e': 1}",20,0,-89.38657822766538,"{0: 15, 1: 1, 2: 2, 3: 0, 4: 2}",0
93,False,"{'a': 0.5, 'e': 1}",30,0,-128.87014434834748,"{0: 18, 1: 5, 2: 4, 3: 2, 4: 1}",0
94,False,"{'a': 0.5, 'e': 1}",30,0,-164.1151699499283,"{0: 17, 1: 4, 2: 6, 3: 1, 4: 2}",0
95,False,"{'a': 0.5, 'e': 1}",20,10,-10.261643986127867,"{0: 8, 1: 1, 2: 0, 3: 1, 4: 0}",1
96,False,"{'a': 0.5, 'e': 1}",20,0,-107.33364328214661,"{0: 11, 1: 2, 2: 5, 3: 1, 4: 1}",0
97,False,"{'a': 0.5, 'e': 1}",30,0,-242.22588391203487,"{0: 17, 1: 1, 2: 6, 3: 2, 4: 4}",0
98,False,"{'a': 0.5, 'e': 1}",30,0,-120.98052861518843,"{0: 23, 1: 1, 2: 3, 3: 0, 4: 3}",0
99,False,"{'a': 0.5, 'e': 1}",20,0,-100.03643089734831,"{0: 14, 1: 2, 2: 2, 3: 0, 4: 2}",0
100,False,"{'a': 0.5, 'e': 1}",20,8,-46.15098662303155,"{0: 7, 1: 0, 2: 4, 3: 1, 4: 0}",1
101,False,"{'a': 0.5, 'e': 1}",25,2,-197.658808594867,"{0: 11, 1: 4, 2: 3, 3: 2, 4: 3}",1
102,False,"{'a': 0.5, 'e': 1}",25,0,-90.39663719137896,"{0: 20, 1: 1, 2: 1, 3: 1, 4: 2}",0
103,False,"{'a': 0.5, 'e': 1}",20,0,-72.69897210703957,"{0: 13, 1: 2, 2: 4, 3: 0, 4: 1}",0
104,False,"{'a': 0.5, 'e': 1}",35,0,-137.5518361329244,"{0: 22, 1: 4, 2: 5, 3: 3, 4: 1}",0
105,False,"{'a': 0.5, 'e': 1}",20,0,-148.79750678536635,"{0: 9, 1: 5, 2: 3, 3: 1, 4: 2}",0
106,False,"{'a': 0.5, 'e': 1}",25,0,-89.89820360291063,"{0: 18, 1: 0, 2: 5, 3: 1, 4: 1}",0
107,False,"{'a': 0.5, 'e': 1}",25,0,-190.63106902353113,"{0: 16, 1: 3, 2: 1, 3: 1, 4: 4}",0
108,False,"{'a': 0.5, 'e': 1}",25,0,-166.66163587857895,"{0: 15, 1: 0, 2: 6, 3: 2, 4: 2}",0
109,False,"{'a': 0.5, 'e': 1}",20,0,-110.71421448896976,"{0: 11, 1: 1, 2: 6, 3: 1, 4: 1}",0
110,False,"{'a': 0.5, 'e': 1}",30,0,-110.03286278221894,"{0: 21, 1: 1, 2: 5, 3: 2, 4: 1}",0
111,False,"{'a': 0.5, 'e': 1}",25,0,-125.39245544085132,"{0: 16, 1: 1, 2: 6, 3: 0, 4: 2}",0
112,False,"{'a': 0.5, 'e': 1}",25,0,-152.0630365131049,"{0: 16, 1: 1, 2: 4, 3: 2, 4: 2}",0
113,False,"{'a': 0.5, 'e': 1}",20,3,-59.776251681745556,"{0: 10, 1: 1, 2: 5, 3: 1, 4: 0}",1
114,False,"{'a': 0.5, 'e': 1}",25,0,-83.77170225439237,"{0: 18, 1: 0, 2: 6, 3: 0, 4: 1}",0
115,False,"{'a': 0.5, 'e': 1}",25,0,-106.41299192808889,"{0: 15, 1: 2, 2: 7, 3: 0, 4: 1}",0
116,False,"{'a': 0.5, 'e': 1}",30,0,-196.2181935388493,"{0: 17, 1: 2, 2: 7, 3: 1, 4: 3}",0
117,False,"{'a': 0.5, 'e': 1}",20,0,-99.99493026391248,"{0: 14, 1: 0, 2: 4, 3: 0, 4: 2}",0
118,False,"{'a': 0.5, 'e': 1}",20,0,-118.83539828340581,"{0: 10, 1: 2, 2: 6, 3: 1, 4: 1}",0
119,False,"{'a': 0.5, 'e': 1}",20,0,-118.91601631341688,"{0: 13, 1: 1, 2: 3, 3: 1, 4: 2}",0
120,False,"{'a': 0.5, 'e': 1}",20,1,-58.74784618128366,"{0: 14, 1: 1, 2: 3, 3: 0, 4: 1}",1
121,False,"{'a': 0.5, 'e': 1}",20,0,-148.1311773929426,"{0: 10, 1: 3, 2: 4, 3: 1, 4: 2}",0
122,False,"{'a': 0.5, 'e': 1}",20,0,-32.16238219201762,"{0: 13, 1: 5, 2: 2, 3: 0, 4: 0}",0
123,False,"{'a': 0.5, 'e': 1}",25,0,-163.4772733047323,"{0: 15, 1: 3, 2: 4, 3: 0, 4: 3}",0
124,False,"{'a': 0.5, 'e': 1}",25,0,-151.52384002642728,"{0: 14, 1: 1, 2: 7, 3: 1, 4: 2}",0
125,False,"{'a': 0.5, 'e': 1}",20,0,-61.947751175500606,"{0: 13, 1: 1, 2: 5, 3: 1, 4: 0}",0
126,False,"{'a': 0.5, 'e': 1}",20,0,-142.9436726674513,"{0: 11, 1: 3, 2: 2, 3: 2, 4: 2}",0
127,False,"{'a': 0.5, 'e': 1}",30,0,-190.09755458323642,"{0: 19, 1: 0, 2: 6, 3: 2, 4: 3}",0
128,False,"{'a': 0.5, 'e': 1}",25,7,-60.9821274852141,"{0: 13, 1: 0, 2: 4, 3: 0, 4: 1}",1
129,False,"{'a': 0.5, 'e': 1}",25,0,-195.68047948073763,"{0: 13, 1: 3, 2: 3, 3: 4, 4: 2}",0
130,False,"{'a': 0.5, 'e': 1}",25,16,-70.94236702998387,"{0: 5, 1: 1, 2: 1, 3: 1, 4: 1}",1
131,False,"{'a': 0.5, 'e': 1}",20,0,-90.60696803938656,"{0: 12, 1: 2, 2: 5, 3: 0, 4: 1}",0
132,False,"{'a': 0.5, 'e': 1}",20,0,-138.48015206784098,"{0: 7, 1: 4, 2: 7, 3: 1, 4: 1}",0
133,False,"{'a': 0.5, 'e': 1}",20,0,-129.3378837332176,"{0: 10, 1: 4, 2: 4, 3: 0, 4: 2}",0
134,False,"{'a': 0.5, 'e': 1}",35,0,-259.49091076909184,"{0: 15, 1: 7, 2: 8, 3: 2, 4: 3}",0
135,False,"{'a': 0.5, 'e': 1}",20,0,-183.76182047629328,"{0: 8, 1: 2, 2: 6, 3: 2, 4: 2}",0
136,False,"{'a': 0.5, 'e': 1}",25,0,-223.24182943164158,"{0: 14, 1: 1, 2: 5, 3: 1, 4: 4}",0
137,False,"{'a': 0.5, 'e': 1}",20,0,-138.1211244709518,"{0: 12, 1: 0, 2: 5, 3: 1, 4: 2}",0
138,False,"{'a': 0.5, 'e': 1}",20,0,-73.62982774341052,"{0: 13, 1: 2, 2: 4, 3: 0, 4: 1}",0
139,False,"{'a': 0.5, 'e': 1}",20,0,-117.4218648998622,"{0: 10, 1: 2, 2: 6, 3: 1, 4: 1}",0
140,False,"{'a': 0.5, 'e': 1}",25,0,-159.16956995344236,"{0: 13, 1: 3, 2: 6, 3: 1, 4: 2}",0
141,False,"{'a': 0.5, 'e': 1}",20,0,-113.106261756974,"{0: 12, 1: 1, 2: 4, 3: 2, 4: 1}",0
142,False,"{'a': 0.5, 'e': 1}",35,20,-54.7921777482966,"{0: 9, 1: 0, 2: 5, 3: 1, 4: 0}",1
143,False,"{'a': 0.5, 'e': 1}",25,0,-130.46210553703244,"{0: 13, 1: 2, 2: 9, 3: 0, 4: 1}",0
144,False,"{'a': 0.5, 'e': 1}",20,0,-90.90334914654997,"{0: 10, 1: 3, 2: 5, 3: 2, 4: 0}",0
145,False,"{'a': 0.5, 'e': 1}",20,0,-107.336241425405,"{0: 13, 1: 2, 2: 3, 3: 0, 4: 2}",0
146,False,"{'a': 0.5, 'e': 1}",30,0,-212.6808664783193,"{0: 15, 1: 4, 2: 7, 3: 1, 4: 3}",0
147,False,"{'a': 0.5, 'e': 1}",25,0,-122.50038711011443,"{0: 16, 1: 2, 2: 5, 3: 0, 4: 2}",0
148,False,"{'a': 0.5, 'e': 1}",25,0,-85.61775258311725,"{0: 17, 1: 1, 2: 5, 3: 1, 4: 1}",0
149,False,"{'a': 0.5, 'e': 1}",20,0,-65.22187177143651,"{0: 14, 1: 3, 2: 1, 3: 1, 4: 1}",0
150,False,"{'a': 0.5, 'e': 1}",25,0,-86.94093825046205,"{0: 16, 1: 3, 2: 5, 3: 0, 4: 1}",0
151,False,"{'a': 0.5, 'e': 1}",20,0,-44.54227375331165,"{0: 14, 1: 0, 2: 6, 3: 0, 4: 0}",0
152,False,"{'a': 0.5, 'e': 1}",20,0,-129.81681428127743,"{0: 9, 1: 1, 2: 8, 3: 1, 4: 1}",0
153,False,"{'a': 0.5, 'e': 1}",20,0,-165.29800752211852,"{0: 8, 1: 1, 2: 9, 3: 0, 4: 2}",0
154,False,"{'a': 0.5, 'e': 1}",30,0,-73.33959200754461,"{0: 25, 1: 1, 2: 2, 3: 0, 4: 2}",0
155,False,"{'a': 0.5, 'e': 1}",35,5,-73.599864427509,"{0: 19, 1: 5, 2: 5, 3: 1, 4: 0}",1
156,False,"{'a': 0.5, 'e': 1}",20,0,-100.45645450796422,"{0: 14, 1: 1, 2: 3, 3: 0, 4: 2}",0
157,False,"{'a': 0.5, 'e': 1}",20,0,-64.18122022639022,"{0: 14, 1: 2, 2: 3, 3: 0, 4: 1}",0
158,False,"{'a': 0.5, 'e': 1}",25,0,-196.4071881418865,"{0: 15, 1: 1, 2: 5, 3: 0, 4: 4}",0
159,False,"{'a': 0.5, 'e': 1}",20,0,-110.16451277478441,"{0: 13, 1: 2, 2: 3, 3: 0, 4: 2}",0
160,False,"{'a': 0.5, 'e': 1}",30,0,-65.07346176539308,"{0: 23, 1: 5, 2: 0, 3: 1, 4: 1}",0
161,False,"{'a': 0.5, 'e': 1}",25,0,-89.00374688661923,"{0: 17, 1: 0, 2: 7, 3: 0, 4: 1}",0
162,False,"{'a': 0.5, 'e': 1}",25,0,-178.94253799192765,"{0: 12, 1: 4, 2: 5, 3: 2, 4: 2}",0
163,False,"{'a': 0.5, 'e': 1}",25,0,-100.40418184094597,"{0: 17, 1: 0, 2: 6, 3: 1, 4: 1}",0
164,False,"{'a': 0.5, 'e': 1}",20,0,-131.98527173683473,"{0: 10, 1: 3, 2: 5, 3: 0, 4: 2}",0
165,False,"{'a': 0.5, 'e': 1}",20,0,-101.9429137077345,"{0: 12, 1: 1, 2: 5, 3: 1, 4: 1}",0
166,False,"{'a': 0.5, 'e': 1}",20,0,-161.8658409003975,"{0: 8, 1: 2, 2: 8, 3: 0, 4: 2}",0
167,False,"{'a': 0.5, 'e': 1}",25,0,-83.68534293619979,"{0: 18, 1: 1, 2: 4, 3: 1, 4: 1}",0
168,False,"{'a': 0.5, 'e': 1}",20,0,-154.29993667802205,"{0: 12, 1: 1, 2: 4, 3: 0, 4: 3}",0
169,False,"{'a': 0.5, 'e': 1}",30,0,-110.36076237601563,"{0: 20, 1: 1, 2: 7, 3: 1, 4: 1}",0
170,False,"{'a': 0.5, 'e': 1}",20,0,-35.26493401094157,"{0: 16, 1: 0, 2: 3, 3: 1, 4: 0}",0
171,False,"{'a': 0.5, 'e': 1}",20,1,-17.646174647619656,"{0: 15, 1: 1, 2: 3, 3: 0, 4: 0}",1
172,False,"{'a': 0.5, 'e': 1}",25,0,-132.1921437095591,"{0: 13, 1: 2, 2: 8, 3: 1, 4: 1}",0
173,False,"{'a': 0.5, 'e': 1}",20,0,-114.41958318123903,"{0: 10, 1: 3, 2: 5, 3: 1, 4: 1}",0
174,False,"{'a': 0.5, 'e': 1}",25,0,-206.4198539847025,"{0: 13, 1: 0, 2: 7, 3: 2, 4: 3}",0
175,False,"{'a': 0.5, 'e': 1}",20,0,-120.71463111623257,"{0: 9, 1: 4, 2: 5, 3: 1, 4: 1}",0
176,False,"{'a': 0.5, 'e': 1}",20,0,-74.71895419893416,"{0: 13, 1: 2, 2: 4, 3: 0, 4: 1}",0
177,False,"{'a': 0.5, 'e': 1}",25,0,-98.59500536724323,"{0: 17, 1: 1, 2: 5, 3: 1, 4: 1}",0
178,False,"{'a': 0.5, 'e': 1}",20,0,-44.08116793342002,"{0: 13, 1: 3, 2: 4, 3: 0, 4: 0}",0
179,False,"{'a': 0.5, 'e': 1}",20,0,-75.56569676323915,"{0: 13, 1: 3, 2: 3, 3: 0, 4: 1}",0
180,False,"{'a': 0.5, 'e': 1}",25,0,-119.47024337514044,"{0: 14, 1: 5, 2: 3, 3: 2, 4: 1}",0
181,False,"{'a': 0.5, 'e': 1}",20,0,-29.40766294518083,"{0: 15, 1: 1, 2: 4, 3: 0, 4: 0}",0
182,False,"{'a': 0.5, 'e': 1}",20,0,-152.3907846804376,"{0: 15, 1: 0, 2: 1, 3: 0, 4: 4}",0
183,False,"{'a': 0.5, 'e': 1}",30,0,-202.6297162234237,"{0: 15, 1: 3, 2: 8, 3: 2, 4: 2}",0
184,False,"{'a': 0.5, 'e': 1}",20,0,-39.27274260056525,"{0: 16, 1: 2, 2: 1, 3: 0, 4: 1}",0
185,False,"{'a': 0.5, 'e': 1}",30,0,-202.0609793915097,"{0: 19, 1: 1, 2: 6, 3: 0, 4: 4}",0
186,False,"{'a': 0.5, 'e': 1}",30,0,-64.44672073286677,"{0: 21, 1: 2, 2: 6, 3: 1, 4: 0}",0
187,False,"{'a': 0.5, 'e': 1}",20,0,-94.88160585495811,"{0: 14, 1: 1, 2: 3, 3: 0, 4: 2}",0
188,False,"{'a': 0.5, 'e': 1}",35,0,-162.41106106895987,"{0: 22, 1: 2, 2: 8, 3: 1, 4: 2}",0
189,False,"{'a': 0.5, 'e': 1}",20,0,-102.37251666129106,"{0: 13, 1: 2, 2: 3, 3: 0, 4: 2}",0
190,False,"{'a': 0.5, 'e': 1}",20,0,-105.52270563620364,"{0: 13, 1: 2, 2: 3, 3: 0, 4: 2}",0
191,False,"{'a': 0.5, 'e': 1}",25,0,-81.85936020967226,"{0: 15, 1: 3, 2: 5, 3: 2, 4: 0}",0
192,False,"{'a': 0.5, 'e': 1}",20,0,-4.729731140185555,"{0: 17, 1: 1, 2: 2, 3: 0, 4: 0}",0
193,False,"{'a': 0.5, 'e': 1}",20,0,-111.49206384067719,"{0: 10, 1: 2, 2: 5, 3: 3, 4: 0}",0
194,False,"{'a': 0.5, 'e': 1}",20,0,-138.9999028352153,"{0: 11, 1: 1, 2: 5, 3: 1, 4: 2}",0
195,False,"{'a': 0.5, 'e': 1}",20,0,-81.41139044633478,"{0: 13, 1: 1, 2: 5, 3: 0, 4: 1}",0
196,False,"{'a': 0.5, 'e': 1}",30,0,-194.46366892797354,"{0: 19, 1: 1, 2: 5, 3: 2, 4: 3}",0
197,False,"{'a': 0.5, 'e': 1}",20,0,-77.60639935318385,"{0: 11, 1: 4, 2: 3, 3: 2, 4: 0}",0
198,False,"{'a': 0.5, 'e': 1}",25,0,-183.8231277449357,"{0: 14, 1: 0, 2: 8, 3: 0, 4: 3}",0
199,False,"{'a': 0.5, 'e': 1}",20,0,-131.4404604446755,"{0: 13, 1: 2, 2: 2, 3: 0, 4: 3}",0
200,False,"{'a': 0.5, 'e': 1}",25,12,-24.33995681453031,"{0: 9, 1: 0, 2: 4, 3: 0, 4: 0}",1
201,False,"{'a': 0.5, 'e': 1}",20,0,-27.45370015067846,"{0: 14, 1: 3, 2: 3, 3: 0, 4: 0}",0
202,False,"{'a': 0.5, 'e': 1}",30,0,-160.24426185881765,"{0: 21, 1: 2, 2: 3, 3: 1, 4: 3}",0
203,False,"{'a': 0.5, 'e': 1}",20,0,-53.7541616320231,"{0: 16, 1: 1, 2: 1, 3: 1, 4: 1}",0
204,False,"{'a': 0.5, 'e': 1}",25,0,-109.86418044662787,"{0: 17, 1: 1, 2: 5, 3: 0, 4: 2}",0
205,False,"{'a': 0.5, 'e': 1}",20,0,-98.08281750951953,"{0: 14, 1: 1, 2: 3, 3: 0, 4: 2}",0
206,False,"{'a': 0.5, 'e': 1}",30,0,-325.253292852553,"{0: 17, 1: 0, 2: 5, 3: 1, 4: 7}",0
207,False,"{'a': 0.5, 'e': 1}",25,0,-184.1763465615498,"{0: 13, 1: 1, 2: 7, 3: 2, 4: 2}",0
208,False,"{'a': 0.5, 'e': 1}",25,0,-133.49672631119756,"{0: 15, 1: 2, 2: 6, 3: 0, 4: 2}",0
209,False,"{'a': 0.5, 'e': 1}",20,0,-111.70383681773863,"{0: 12, 1: 0, 2: 5, 3: 2, 4: 1}",0
210,False,"{'a': 0.5, 'e': 1}",20,0,-111.14242749767799,"{0: 11, 1: 2, 2: 5, 3: 1, 4: 1}",0
211,False,"{'a': 0.5, 'e': 1}",35,0,-127.92634075045551,"{0: 21, 1: 6, 2: 6, 3: 1, 4: 1}",0
212,False,"{'a': 0.5, 'e': 1}",20,0,-197.0724755765175,"{0: 9, 1: 4, 2: 3, 3: 0, 4: 4}",0
213,False,"{'a': 0.5, 'e': 1}",20,0,-183.1316568012478,"{0: 11, 1: 3, 2: 2, 3: 0, 4: 4}",0
214,False,"{'a': 0.5, 'e': 1}",20,0,-54.918283860157416,"{0: 15, 1: 1, 2: 3, 3: 0, 4: 1}",0
215,False,"{'a': 0.5, 'e': 1}",25,0,-44.024463400174255,"{0: 21, 1: 0, 2: 3, 3: 0, 4: 1}",0
216,False,"{'a': 0.5, 'e': 1}",20,0,-109.68834828328337,"{0: 9, 1: 3, 2: 7, 3: 0, 4: 1}",0
217,False,"{'a': 0.5, 'e': 1}",25,0,-260.3612232026959,"{0: 11, 1: 3, 2: 4, 3: 3, 4: 4}",0
218,False,"{'a': 0.5, 'e': 1}",20,0,-90.99535682984889,"{0: 13, 1: 3, 2: 2, 3: 0, 4: 2}",0
219,False,"{'a': 0.5, 'e': 1}",25,0,-139.30290894356514,"{0: 13, 1: 3, 2: 6, 3: 2, 4: 1}",0
220,False,"{'a': 0.5, 'e': 1}",20,0,-95.52900750241537,"{0: 12, 1: 2, 2: 4, 3: 1, 4: 1}",0
221,False,"{'a': 0.5, 'e': 1}",25,0,-86.61188706047399,"{0: 14, 1: 3, 2: 7, 3: 1, 4: 0}",0
222,False,"{'a': 0.5, 'e': 1}",20,0,-115.247073361561,"{0: 12, 1: 1, 2: 3, 3: 3, 4: 1}",0
223,False,"{'a': 0.5, 'e': 1}",30,0,-178.82342366525762,"{0: 17, 1: 2, 2: 7, 3: 2, 4: 2}",0
224,False,"{'a': 0.5, 'e': 1}",25,0,-133.69736445070515,"{0: 13, 1: 6, 2: 4, 3: 0, 4: 2}",0
225,False,"{'a': 0.5, 'e': 1}",20,0,-36.468088272752105,"{0: 15, 1: 2, 2: 2, 3: 1, 4: 0}",0
226,False,"{'a': 0.5, 'e': 1}",25,0,-131.0918637756096,"{0: 14, 1: 3, 2: 5, 3: 2, 4: 1}",0
227,False,"{'a': 0.5, 'e': 1}",20,0,-201.21699094685707,"{0: 7, 1: 4, 2: 5, 3: 1, 4: 3}",0
228,False,"{'a': 0.5, 'e': 1}",30,0,-256.735709749394,"{0: 13, 1: 2, 2: 10, 3: 2, 4: 3}",0
229,False,"{'a': 0.5, 'e': 1}",25,16,-5.422584419947961,"{0: 6, 1: 3, 2: 0, 3: 0, 4: 0}",1
230,False,"{'a': 0.5, 'e': 1}",25,0,-154.9228767895942,"{0: 12, 1: 4, 2: 5, 3: 3, 4: 1}",0
231,False,"{'a': 0.5, 'e': 1}",20,0,-47.072208210159985,"{0: 13, 1: 2, 2: 5, 3: 0, 4: 0}",0
232,False,"{'a': 0.5, 'e': 1}",20,13,-20.18496628181986,"{0: 5, 1: 0, 2: 1, 3: 1, 4: 0}",1
233,False,"{'a': 0.5, 'e': 1}",20,10,-36.235108666000386,"{0: 5, 1: 3, 2: 1, 3: 1, 4: 0}",1
234,False,"{'a': 0.5, 'e': 1}",30,0,-134.3995806212498,"{0: 15, 1: 7, 2: 6, 3: 1, 4: 1}",0
235,False,"{'a': 0.5, 'e': 1}",30,0,-189.72412905510996,"{0: 17, 1: 2, 2: 8, 3: 0, 4: 3}",0
236,False,"{'a': 0.5, 'e': 1}",25,0,-149.28657536402372,"{0: 16, 1: 2, 2: 4, 3: 0, 4: 3}",0
237,False,"{'a': 0.5, 'e': 1}",30,0,-177.7870175717257,"{0: 14, 1: 6, 2: 8, 3: 0, 4: 2}",0
238,False,"{'a': 0.5, 'e': 1}",20,0,-138.4311602895032,"{0: 12, 1: 3, 2: 2, 3: 0, 4: 3}",0
239,False,"{'a': 0.5, 'e': 1}",30,0,-136.68811423189288,"{0: 17, 1: 2, 2: 9, 3: 1, 4: 1}",0
240,False,"{'a': 0.5, 'e': 1}",20,0,-103.82137320469431,"{0: 13, 1: 1, 2: 3, 3: 2, 4: 1}",0
241,False,"{'a': 0.5, 'e': 1}",20,0,-69.89275743325878,"{0: 12, 1: 2, 2: 5, 3: 1, 4: 0}",0
242,False,"{'a': 0.5, 'e': 1}",30,0,-81.55425300142457,"{0: 20, 1: 2, 2: 7, 3: 1, 4: 0}",0
243,False,"{'a': 0.5, 'e': 1}",35,0,-172.9312001010233,"{0: 19, 1: 3, 2: 10, 3: 2, 4: 1}",0
244,False,"{'a': 0.5, 'e': 1}",20,0,-86.96908997895382,"{0: 13, 1: 1, 2: 4, 3: 1, 4: 1}",0
245,False,"{'a': 0.5, 'e': 1}",25,0,-168.33700605502793,"{0: 12, 1: 2, 2: 7, 3: 3, 4: 1}",0
246,False,"{'a': 0.5, 'e': 1}",20,13,-54.60038065969341,"{0: 4, 1: 0, 2: 2, 3: 0, 4: 1}",1
247,False,"{'a': 0.5, 'e': 1}",30,0,-153.6608065687433,"{0: 18, 1: 3, 2: 6, 3: 1, 4: 2}",0
248,False,"{'a': 0.5, 'e': 1}",20,0,-187.20110394674424,"{0: 10, 1: 1, 2: 5, 3: 1, 4: 3}",0
249,False,"{'a': 0.5, 'e': 1}",20,0,-132.82900333415026,"{0: 10, 1: 3, 2: 3, 3: 3, 4: 1}",0
250,False,"{'a': 0.5, 'e': 1}",20,0,-94.163778780841,"{0: 11, 1: 3, 2: 5, 3: 0, 4: 1}",0
251,False,"{'a': 0.5, 'e': 1}",20,0,-73.43858520798413,"{0: 11, 1: 3, 2: 5, 3: 1, 4: 0}",0
252,False,"{'a': 0.5, 'e': 1}",20,0,-66.36577671368993,"{0: 14, 1: 2, 2: 3, 3: 0, 4: 1}",0
253,False,"{'a': 0.5, 'e': 1}",20,0,-116.14874318751835,"{0: 8, 1: 4, 2: 7, 3: 0, 4: 1}",0
254,False,"{'a': 0.5, 'e': 1}",25,2,-48.53425745839462,"{0: 16, 1: 2, 2: 4, 3: 1, 4: 0}",1
255,False,"{'a': 0.5, 'e': 1}",25,0,-139.961845602629,"{0: 13, 1: 4, 2: 5, 3: 2, 4: 1}",0
256,False,"{'a': 0.5, 'e': 1}",20,0,-45.30249149823223,"{0: 16, 1: 1, 2: 2, 3: 0, 4: 1}",0
257,False,"{'a': 0.5, 'e': 1}",25,0,-187.7326785909573,"{0: 11, 1: 3, 2: 6, 3: 4, 4: 1}",0
258,False,"{'a': 0.5, 'e': 1}",30,0,-108.17523963826953,"{0: 21, 1: 4, 2: 3, 3: 0, 4: 2}",0
259,False,"{'a': 0.5, 'e': 1}",25,0,-56.94995803692235,"{0: 18, 1: 2, 2: 3, 3: 2, 4: 0}",0
260,False,"{'a': 0.5, 'e': 1}",20,0,-127.64061273552934,"{0: 11, 1: 2, 2: 3, 3: 3, 4: 1}",0
261,False,"{'a': 0.5, 'e': 1}",30,0,-153.91434062032286,"{0: 16, 1: 3, 2: 8, 3: 2, 4: 1}",0
262,False,"{'a': 0.5, 'e': 1}",20,8,-40.386595684804114,"{0: 9, 1: 0, 2: 2, 3: 0, 4: 1}",1
263,False,"{'a': 0.5, 'e': 1}",30,20,-14.752752999620784,"{0: 7, 1: 0, 2: 3, 3: 0, 4: 0}",1
264,False,"{'a': 0.5, 'e': 1}",30,0,-179.55357860877226,"{0: 18, 1: 0, 2: 8, 3: 2, 4: 2}",0
265,False,"{'a': 0.5, 'e': 1}",20,0,-81.56456857278394,"{0: 11, 1: 5, 2: 3, 3: 0, 4: 1}",0
266,False,"{'a': 0.5, 'e': 1}",30,0,-153.9230219751564,"{0: 20, 1: 3, 2: 4, 3: 0, 4: 3}",0
267,False,"{'a': 0.5, 'e': 1}",25,0,-180.75239624993623,"{0: 12, 1: 2, 2: 8, 3: 1, 4: 2}",0
268,False,"{'a': 0.5, 'e': 1}",20,7,-9.520231604732864,"{0: 10, 1: 1, 2: 2, 3: 0, 4: 0}",1
269,False,"{'a': 0.5, 'e': 1}",25,6,-71.38856404919036,"{0: 9, 1: 3, 2: 7, 3: 0, 4: 0}",1
270,False,"{'a': 0.5, 'e': 1}",25,0,-159.43023705181884,"{0: 14, 1: 3, 2: 4, 3: 2, 4: 2}",0
271,False,"{'a': 0.5, 'e': 1}",25,0,-178.48416547637723,"{0: 12, 1: 2, 2: 8, 3: 1, 4: 2}",0
272,False,"{'a': 0.5, 'e': 1}",25,0,-34.78135530308259,"{0: 18, 1: 3, 2: 4, 3: 0, 4: 0}",0
273,False,"{'a': 0.5, 'e': 1}",30,0,-91.04947479879476,"{0: 22, 1: 2, 2: 4, 3: 1, 4: 1}",0
274,False,"{'a': 0.5, 'e': 1}",30,0,-179.77352114934857,"{0: 18, 1: 0, 2: 8, 3: 2, 4: 2}",0
275,False,"{'a': 0.5, 'e': 1}",20,0,-26.10416449153679,"{0: 18, 1: 1, 2: 0, 3: 0, 4: 1}",0
276,False,"{'a': 0.5, 'e': 1}",25,0,-71.73173434447712,"{0: 21, 1: 1, 2: 1, 3: 0, 4: 2}",0
277,False,"{'a': 0.5, 'e': 1}",25,13,-123.50186405411208,"{0: 5, 1: 1, 2: 3, 3: 1, 4: 2}",1
278,False,"{'a': 0.5, 'e': 1}",25,0,-99.42766509808698,"{0: 18, 1: 2, 2: 3, 3: 0, 4: 2}",0
279,False,"{'a': 0.5, 'e': 1}",30,0,-195.8592214864384,"{0: 17, 1: 3, 2: 6, 3: 1, 4: 3}",0
280,False,"{'a': 0.5, 'e': 1}",30,0,-248.40762068585485,"{0: 15, 1: 5, 2: 4, 3: 2, 4: 4}",0
281,False,"{'a': 0.5, 'e': 1}",20,0,-148.98719130332566,"{0: 12, 1: 0, 2: 5, 3: 0, 4: 3}",0
282,False,"{'a': 0.5, 'e': 1}",20,0,-18.413384141694337,"{0: 15, 1: 3, 2: 1, 3: 1, 4: 0}",0
283,False,"{'a': 0.5, 'e': 1}",20,0,-182.45595406477167,"{0: 10, 1: 1, 2: 4, 3: 3, 4: 2}",0
284,False,"{'a': 0.5, 'e': 1}",20,0,-156.1490258517501,"{0: 10, 1: 4, 2: 3, 3: 0, 4: 3}",0
285,False,"{'a': 0.5, 'e': 1}",25,0,-82.49549438681805,"{0: 15, 1: 3, 2: 6, 3: 1, 4: 0}",0
286,False,"{'a': 0.5, 'e': 1}",25,0,-136.0734833016831,"{0: 16, 1: 4, 2: 1, 3: 2, 4: 2}",0
287,False,"{'a': 0.5, 'e': 1}",25,0,-166.38174212698635,"{0: 15, 1: 0, 2: 7, 3: 0, 4: 3}",0
288,False,"{'a': 0.5, 'e': 1}",35,12,-155.9026294577049,"{0: 11, 1: 1, 2: 7, 3: 3, 4: 1}",1
289,False,"{'a': 0.5, 'e': 1}",20,0,-109.72458241208031,"{0: 13, 1: 2, 2: 3, 3: 0, 4: 2}",0
290,False,"{'a': 0.5, 'e': 1}",25,0,-99.07501218238993,"{0: 18, 1: 2, 2: 3, 3: 0, 4: 2}",0
291,False,"{'a': 0.5, 'e': 1}",25,0,-159.47358211087348,"{0: 10, 1: 7, 2: 4, 3: 3, 4: 1}",0
292,False,"{'a': 0.5, 'e': 1}",20,0,-120.2320463020963,"{0: 8, 1: 6, 2: 4, 3: 1, 4: 1}",0
293,False,"{'a': 0.5, 'e': 1}",25,0,-138.27009026645158,"{0: 15, 1: 3, 2: 4, 3: 1, 4: 2}",1
294,False,"{'a': 0.5, 'e': 1}",20,0,-16.11044477775537,"{0: 16, 1: 1, 2: 3, 3: 0, 4: 0}",0
295,False,"{'a': 0.5, 'e': 1}",30,3,-208.12873273905004,"{0: 14, 1: 3, 2: 6, 3: 0, 4: 4}",1
296,False,"{'a': 0.5, 'e': 1}",30,0,-148.71575333631705,"{0: 20, 1: 2, 2: 4, 3: 2, 4: 2}",0
297,False,"{'a': 0.5, 'e': 1}",25,0,-102.24253936097011,"{0: 15, 1: 1, 2: 8, 3: 0, 4: 1}",0
298,False,"{'a': 0.5, 'e': 1}",20,0,-81.11769024132347,"{0: 12, 1: 1, 2: 5, 3: 2, 4: 0}",0
299,False,"{'a': 0.5, 'e': 1}",25,0,-41.915207111436416,"{0: 21, 1: 1, 2: 2, 3: 0, 4: 1}",0
300,False,"{'a': 0.5, 'e': 1}",20,0,-117.19815527851325,"{0: 12, 1: 0, 2: 5, 3: 2, 4: 1}",0
301,False,"{'a': 0.5, 'e': 1}",20,0,-68.84852528274665,"{0: 17, 1: 1, 2: 0, 3: 0, 4: 2}",0
302,False,"{'a': 0.5, 'e': 0.04855048513057287}",25,14,22.256980376982646,"{0: 11, 1: 0, 2: 0, 3: 0, 4: 0}",1
303,False,"{'a': 0.5, 'e': 0.04806498027926714}",30,14,28.714943724841255,"{0: 16, 1: 0, 2: 0, 3: 0, 4: 0}",1
304,False,"{'a': 0.5, 'e': 0.047584330476474465}",30,24,11.64959068709577,"{0: 6, 1: 0, 2: 0, 3: 0, 4: 0}",1
305,False,"{'a': 0.5, 'e': 0.04710848717170972}",25,15,17.025742185552655,"{0: 10, 1: 0, 2: 0, 3: 0, 4: 0}",1
306,False,"{'a': 0.5, 'e': 0.04663740229999262}",25,10,28.750258605864314,"{0: 15, 1: 0, 2: 0, 3: 0, 4: 0}",1
307,False,"{'a': 0.5, 'e': 0.046171028276992696}",20,10,22.99063286695677,"{0: 10, 1: 0, 2: 0, 3: 0, 4: 0}",1
308,False,"{'a': 0.5, 'e': 0.045709317994222766}",20,6,13.592141174135321,"{0: 13, 1: 0, 2: 1, 3: 0, 4: 0}",1
309,False,"{'a': 0.5, 'e': 0.04525222481428054}",20,8,21.120414839026594,"{0: 12, 1: 0, 2: 0, 3: 0, 4: 0}",1
310,False,"{'a': 0.5, 'e': 0.04479970256613774}",20,3,15.795922054801606,"{0: 16, 1: 0, 2: 1, 3: 0, 4: 0}",1
311,False,"{'a': 0.5, 'e': 0.044351705540476356}",20,13,13.130138179257344,"{0: 7, 1: 0, 2: 0, 3: 0, 4: 0}",1
312,False,"{'a': 0.5, 'e': 0.043908188485071595}",20,10,19.253516257779204,"{0: 10, 1: 0, 2: 0, 3: 0, 4: 0}",1
313,False,"{'a': 0.5, 'e': 0.04346910660022087}",25,13,23.224806201545494,"{0: 12, 1: 0, 2: 0, 3: 0, 4: 0}",1
314,False,"{'a': 0.5, 'e': 0.04303441553421867}",35,28,11.884476167055189,"{0: 7, 1: 0, 2: 0, 3: 0, 4: 0}",1
315,False,"{'a': 0.5, 'e': 0.04260407137887648}",25,9,30.844186757171332,"{0: 16, 1: 0, 2: 0, 3: 0, 4: 0}",1
316,False,"{'a': 0.5, 'e': 0.04217803066508771}",25,11,20.492184119768233,"{0: 13, 1: 1, 2: 0, 3: 0, 4: 0}",1
317,False,"{'a': 0.5, 'e': 0.04175625035843684}",20,9,19.11455840654861,"{0: 11, 1: 0, 2: 0, 3: 0, 4: 0}",1
318,False,"{'a': 0.5, 'e': 0.04133868785485247}",20,13,15.297325862241511,"{0: 7, 1: 0, 2: 0, 3: 0, 4: 0}",1
319,False,"{'a': 0.5, 'e': 0.040925300976303945}",25,2,36.53080983079371,"{0: 23, 1: 0, 2: 0, 3: 0, 4: 0}",1
320,False,"{'a': 0.5, 'e': 0.0405160479665409}",25,7,28.75738235340119,"{0: 18, 1: 0, 2: 0, 3: 0, 4: 0}",1
321,False,"{'a': 0.5, 'e': 0.040110887486875496}",30,19,17.58126353376428,"{0: 11, 1: 0, 2: 0, 3: 0, 4: 0}",1
322,False,"{'a': 0.5, 'e': 0.03970977861200674}",25,16,14.91199739354171,"{0: 9, 1: 0, 2: 0, 3: 0, 4: 0}",1
323,False,"{'a': 0.5, 'e': 0.039312680825886674}",20,5,26.47712874069613,"{0: 15, 1: 0, 2: 0, 3: 0, 4: 0}",1
324,False,"{'a': 0.5, 'e': 0.038919554017627804}",25,10,16.38457941280366,"{0: 14, 1: 0, 2: 1, 3: 0, 4: 0}",1
325,False,"{'a': 0.5, 'e': 0.03853035847745152}",20,7,22.001421551563418,"{0: 13, 1: 0, 2: 0, 3: 0, 4: 0}",1
326,False,"{'a': 0.5, 'e': 0.03814505489267701}",25,8,35.46128125243201,"{0: 17, 1: 0, 2: 0, 3: 0, 4: 0}",1
327,False,"{'a': 0.5, 'e': 0.03776360434375024}",30,20,17.678166618547472,"{0: 10, 1: 0, 2: 0, 3: 0, 4: 0}",1
328,False,"{'a': 0.5, 'e': 0.03738596830031274}",20,5,25.535474744052912,"{0: 15, 1: 0, 2: 0, 3: 0, 4: 0}",1
329,False,"{'a': 0.5, 'e': 0.03701210861730961}",20,0,33.93828092614257,"{0: 20, 1: 0, 2: 0, 3: 0, 4: 0}",1
330,False,"{'a': 0.5, 'e': 0.03664198753113651}",20,16,7.4090575598580015,"{0: 4, 1: 0, 2: 0, 3: 0, 4: 0}",1
331,False,"{'a': 0.5, 'e': 0.036275567655825146}",20,14,11.868330876616454,"{0: 6, 1: 0, 2: 0, 3: 0, 4: 0}",1
332,False,"{'a': 0.5, 'e': 0.0359128119792669}",20,13,12.17704006148135,"{0: 7, 1: 0, 2: 0, 3: 0, 4: 0}",1
333,False,"{'a': 0.5, 'e': 0.035553683859474224}",20,10,6.3597296583685745,"{0: 9, 1: 0, 2: 1, 3: 0, 4: 0}",1
334,False,"{'a': 0.5, 'e': 0.035198147020879485}",35,23,23.181143624229993,"{0: 12, 1: 0, 2: 0, 3: 0, 4: 0}",1
335,False,"{'a': 0.5, 'e': 0.03484616555067069}",35,21,4.553509247523188,"{0: 13, 1: 0, 2: 0, 3: 1, 4: 0}",1
336,False,"{'a': 0.5, 'e': 0.03449770389516398}",20,14,9.294746628492202,"{0: 6, 1: 0, 2: 0, 3: 0, 4: 0}",1
337,False,"{'a': 0.5, 'e': 0.03415272685621234}",20,5,26.932183073003923,"{0: 15, 1: 0, 2: 0, 3: 0, 4: 0}",1
338,False,"{'a': 0.5, 'e': 0.03381119958765022}",30,17,22.47903102478168,"{0: 13, 1: 0, 2: 0, 3: 0, 4: 0}",1
339,False,"{'a': 0.5, 'e': 0.03347308759177372}",20,9,21.432225923514324,"{0: 11, 1: 0, 2: 0, 3: 0, 4: 0}",1
340,False,"{'a': 0.5, 'e': 0.03313835671585598}",25,15,8.181014354227722,"{0: 9, 1: 0, 2: 1, 3: 0, 4: 0}",1
341,False,"{'a': 0.5, 'e': 0.03280697314869742}",25,10,31.968092347710193,"{0: 15, 1: 0, 2: 0, 3: 0, 4: 0}",1
342,False,"{'a': 0.5, 'e': 0.03247890341721044}",20,2,30.379230433843396,"{0: 18, 1: 0, 2: 0, 3: 0, 4: 0}",1
343,False,"{'a': 0.5, 'e': 0.03215411438303834}",25,15,14.891822506340617,"{0: 10, 1: 0, 2: 0, 3: 0, 4: 0}",1
344,False,"{'a': 0.5, 'e': 0.031832573239207955}",30,12,20.219538446690397,"{0: 17, 1: 0, 2: 1, 3: 0, 4: 0}",1
345,False,"{'a': 0.5, 'e': 0.031514247506815876}",20,6,25.559063509402563,"{0: 14, 1: 0, 2: 0, 3: 0, 4: 0}",1
346,False,"{'a': 0.5, 'e': 0.031199105031747717}",25,10,26.811413325413803,"{0: 15, 1: 0, 2: 0, 3: 0, 4: 0}",1
347,False,"{'a': 0.5, 'e': 0.03088711398143024}",30,17,22.502048941428846,"{0: 13, 1: 0, 2: 0, 3: 0, 4: 0}",1
348,False,"{'a': 0.5, 'e': 0.030578242841615935}",25,19,9.936640449367374,"{0: 6, 1: 0, 2: 0, 3: 0, 4: 0}",1
349,False,"{'a': 0.5, 'e': 0.030272460413199778}",20,6,27.233645348005354,"{0: 14, 1: 0, 2: 0, 3: 0, 4: 0}",1
350,False,"{'a': 0.5, 'e': 0.02996973580906778}",30,12,32.80088316803184,"{0: 18, 1: 0, 2: 0, 3: 0, 4: 0}",1
351,False,"{'a': 0.5, 'e': 0.029670038450977102}",20,8,22.071036489155098,"{0: 12, 1: 0, 2: 0, 3: 0, 4: 0}",1
352,False,"{'a': 0.5, 'e': 0.02937333806646733}",25,19,12.447519681907195,"{0: 6, 1: 0, 2: 0, 3: 0, 4: 0}",1
353,False,"{'a': 0.5, 'e': 0.029079604685802656}",35,16,36.09563076402607,"{0: 19, 1: 0, 2: 0, 3: 0, 4: 0}",1
354,False,"{'a': 0.5, 'e': 0.02878880863894463}",30,16,13.979324209091981,"{0: 13, 1: 0, 2: 1, 3: 0, 4: 0}",1
355,False,"{'a': 0.5, 'e': 0.02850092055255518}",25,17,9.651244324609163,"{0: 7, 1: 1, 2: 0, 3: 0, 4: 0}",1
356,False,"{'a': 0.5, 'e': 0.02821591134702963}",25,17,17.621823438279606,"{0: 8, 1: 0, 2: 0, 3: 0, 4: 0}",1
357,False,"{'a': 0.5, 'e': 0.027933752233559334}",20,4,26.93708985674242,"{0: 16, 1: 0, 2: 0, 3: 0, 4: 0}",1
358,False,"{'a': 0.5, 'e': 0.027654414711223742}",20,12,18.355500579643078,"{0: 8, 1: 0, 2: 0, 3: 0, 4: 0}",1
359,False,"{'a': 0.5, 'e': 0.027377870564111503}",20,10,19.01731240453677,"{0: 10, 1: 0, 2: 0, 3: 0, 4: 0}",1
360,False,"{'a': 0.5, 'e': 0.02710409185847039}",30,18,22.584555213797312,"{0: 12, 1: 0, 2: 0, 3: 0, 4: 0}",1
361,False,"{'a': 0.5, 'e': 0.026833050939885684}",20,16,7.604034715356503,"{0: 4, 1: 0, 2: 0, 3: 0, 4: 0}",1
362,False,"{'a': 0.5, 'e': 0.026564720430486827}",25,15,17.220834120924287,"{0: 10, 1: 0, 2: 0, 3: 0, 4: 0}",1
363,False,"{'a': 0.5, 'e': 0.026299073226181958}",25,15,16.827231041794658,"{0: 10, 1: 0, 2: 0, 3: 0, 4: 0}",1
364,False,"{'a': 0.5, 'e': 0.026036082493920136}",20,10,20.7153120962519,"{0: 10, 1: 0, 2: 0, 3: 0, 4: 0}",1
365,False,"{'a': 0.5, 'e': 0.025775721668980935}",30,17,25.06626142968283,"{0: 13, 1: 0, 2: 0, 3: 0, 4: 0}",1
366,False,"{'a': 0.5, 'e': 0.025517964452291125}",35,12,46.013568846590275,"{0: 23, 1: 0, 2: 0, 3: 0, 4: 0}",1
367,False,"{'a': 0.5, 'e': 0.025262784807768213}",25,16,15.591078496638655,"{0: 9, 1: 0, 2: 0, 3: 0, 4: 0}",1
368,False,"{'a': 0.5, 'e': 0.025010156959690534}",20,11,20.82289523000604,"{0: 9, 1: 0, 2: 0, 3: 0, 4: 0}",1
369,False,"{'a': 0.5, 'e': 0.024760055390093627}",20,12,1.472609070947986,"{0: 7, 1: 0, 2: 1, 3: 0, 4: 0}",1
370,False,"{'a': 0.5, 'e': 0.02451245483619269}",30,14,30.49611101900042,"{0: 16, 1: 0, 2: 0, 3: 0, 4: 0}",1
371,False,"{'a': 0.5, 'e': 0.024267330287830763}",25,13,22.387713068223086,"{0: 12, 1: 0, 2: 0, 3: 0, 4: 0}",1
372,False,"{'a': 0.5, 'e': 0.024024656984952455}",25,7,26.902826913345756,"{0: 18, 1: 0, 2: 0, 3: 0, 4: 0}",1
373,False,"{'a': 0.5, 'e': 0.02378441041510293}",20,15,10.718220940299897,"{0: 5, 1: 0, 2: 0, 3: 0, 4: 0}",1
374,False,"{'a': 0.5, 'e': 0.0235465663109519}",20,14,10.11449487205845,"{0: 6, 1: 0, 2: 0, 3: 0, 4: 0}",1
375,False,"{'a': 0.5, 'e': 0.02331110064784238}",20,6,24.751103616998574,"{0: 14, 1: 0, 2: 0, 3: 0, 4: 0}",1
376,False,"{'a': 0.5, 'e': 0.02307798964136396}",20,11,18.990293352437362,"{0: 9, 1: 0, 2: 0, 3: 0, 4: 0}",1
377,False,"{'a': 0.5, 'e': 0.022847209744950317}",20,12,15.612559495516644,"{0: 8, 1: 0, 2: 0, 3: 0, 4: 0}",1
378,False,"{'a': 0.5, 'e': 0.022618737647500813}",25,15,18.679953259962815,"{0: 10, 1: 0, 2: 0, 3: 0, 4: 0}",1
379,False,"{'a': 0.5, 'e': 0.022392550271025807}",20,14,13.02393614067336,"{0: 6, 1: 0, 2: 0, 3: 0, 4: 0}",1
380,False,"{'a': 0.5, 'e': 0.022168624768315548}",35,23,25.150056476710912,"{0: 12, 1: 0, 2: 0, 3: 0, 4: 0}",1
381,False,"{'a': 0.5, 'e': 0.021946938520632394}",25,15,20.93437874686981,"{0: 10, 1: 0, 2: 0, 3: 0, 4: 0}",1
382,False,"{'a': 0.5, 'e': 0.02172746913542607}",25,15,20.746180236422013,"{0: 10, 1: 0, 2: 0, 3: 0, 4: 0}",1
383,False,"{'a': 0.5, 'e': 0.021510194444071807}",25,15,3.197405038568249,"{0: 9, 1: 0, 2: 1, 3: 0, 4: 0}",1
384,False,"{'a': 0.5, 'e': 0.021295092499631088}",25,17,13.991615627182457,"{0: 8, 1: 0, 2: 0, 3: 0, 4: 0}",1
385,False,"{'a': 0.5, 'e': 0.02108214157463478}",25,14,20.379857279174463,"{0: 11, 1: 0, 2: 0, 3: 0, 4: 0}",1
386,False,"{'a': 0.5, 'e': 0.02087132015888843}",20,6,23.32001384156657,"{0: 14, 1: 0, 2: 0, 3: 0, 4: 0}",1
387,False,"{'a': 0.5, 'e': 0.020662606957299545}",20,12,16.504166937565746,"{0: 8, 1: 0, 2: 0, 3: 0, 4: 0}",1
388,False,"{'a': 0.5, 'e': 0.02045598088772655}",20,3,26.14487675949514,"{0: 17, 1: 0, 2: 0, 3: 0, 4: 0}",1
389,False,"{'a': 0.5, 'e': 0.020251421078849283}",25,13,23.378686740747902,"{0: 12, 1: 0, 2: 0, 3: 0, 4: 0}",1
390,False,"{'a': 0.5, 'e': 0.02004890686806079}",25,11,4.5960331607870435,"{0: 13, 1: 0, 2: 0, 3: 1, 4: 0}",1
391,False,"{'a': 0.5, 'e': 0.019848417799380184}",20,15,11.004740938894535,"{0: 5, 1: 0, 2: 0, 3: 0, 4: 0}",1
392,False,"{'a': 0.5, 'e': 0.01964993362138638}",20,15,8.670262237805488,"{0: 5, 1: 0, 2: 0, 3: 0, 4: 0}",1
393,False,"{'a': 0.5, 'e': 0.019453434285172516}",20,15,10.613837120670746,"{0: 5, 1: 0, 2: 0, 3: 0, 4: 0}",1
394,False,"{'a': 0.5, 'e': 0.01925889994232079}",20,12,16.455189292278973,"{0: 8, 1: 0, 2: 0, 3: 0, 4: 0}",1
395,False,"{'a': 0.5, 'e': 0.019066310942897582}",25,17,14.998866054085877,"{0: 8, 1: 0, 2: 0, 3: 0, 4: 0}",1
396,False,"{'a': 0.5, 'e': 0.01887564783346861}",30,12,36.10548174795311,"{0: 18, 1: 0, 2: 0, 3: 0, 4: 0}",1
397,False,"{'a': 0.5, 'e': 0.018686891355133923}",25,11,12.574274491008442,"{0: 13, 1: 0, 2: 1, 3: 0, 4: 0}",1
398,False,"{'a': 0.5, 'e': 0.01850002244158258}",25,11,16.78475551295224,"{0: 13, 1: 0, 2: 1, 3: 0, 4: 0}",1
399,False,"{'a': 0.5, 'e': 0.018315022217166757}",30,17,26.8873755753135,"{0: 13, 1: 0, 2: 0, 3: 0, 4: 0}",1
400,False,"{'a': 0.5, 'e': 0.018131871994995087}",20,9,22.351968390826965,"{0: 11, 1: 0, 2: 0, 3: 0, 4: 0}",1
401,False,"{'a': 0.5, 'e': 0.017950553275045137}",25,8,28.63624387539247,"{0: 17, 1: 0, 2: 0, 3: 0, 4: 0}",1
402,False,"{'a': 0.5, 'e': 0.017771047742294686}",25,6,35.51387293387773,"{0: 19, 1: 0, 2: 0, 3: 0, 4: 0}",1
403,False,"{'a': 0.5, 'e': 0.01759333726487174}",20,15,10.888635977445134,"{0: 5, 1: 0, 2: 0, 3: 0, 4: 0}",1
404,False,"{'a': 0.5, 'e': 0.017417403892223023}",25,16,16.067541441095806,"{0: 9, 1: 0, 2: 0, 3: 0, 4: 0}",1
405,False,"{'a': 0.5, 'e': 0.01724322985330079}",30,16,15.652473126477787,"{0: 13, 1: 0, 2: 1, 3: 0, 4: 0}",1
406,False,"{'a': 0.5, 'e': 0.017070797554767782}",20,13,12.76343545948773,"{0: 7, 1: 0, 2: 0, 3: 0, 4: 0}",1
407,False,"{'a': 0.5, 'e': 0.016900089579220106}",20,11,18.70965872978611,"{0: 9, 1: 0, 2: 0, 3: 0, 4: 0}",1
408,False,"{'a': 0.5, 'e': 0.016731088683427903}",25,16,14.330617745280307,"{0: 9, 1: 0, 2: 0, 3: 0, 4: 0}",1
409,False,"{'a': 0.5, 'e': 0.016563777796593626}",25,9,-10.984481236853835,"{0: 15, 1: 0, 2: 0, 3: 0, 4: 1}",1
410,False,"{'a': 0.5, 'e': 0.016398140018627688}",20,10,19.54290707994177,"{0: 10, 1: 0, 2: 0, 3: 0, 4: 0}",1
411,False,"{'a': 0.5, 'e': 0.01623415861844141}",25,13,21.37819379034793,"{0: 12, 1: 0, 2: 0, 3: 0, 4: 0}",1
412,False,"{'a': 0.5, 'e': 0.016071817032256998}",20,16,7.294771220959554,"{0: 4, 1: 0, 2: 0, 3: 0, 4: 0}",1
413,False,"{'a': 0.5, 'e': 0.015911098861934425}",20,9,18.36911757936479,"{0: 11, 1: 0, 2: 0, 3: 0, 4: 0}",1
414,False,"{'a': 0.5, 'e': 0.015751987873315082}",20,14,12.109412805234776,"{0: 6, 1: 0, 2: 0, 3: 0, 4: 0}",1
415,False,"{'a': 0.5, 'e': 0.015594467994581931}",25,14,21.997532025416618,"{0: 11, 1: 0, 2: 0, 3: 0, 4: 0}",1
416,False,"{'a': 0.5, 'e': 0.015438523314636111}",25,18,12.626392312269298,"{0: 7, 1: 0, 2: 0, 3: 0, 4: 0}",1
417,False,"{'a': 0.5, 'e': 0.01528413808148975}",30,10,32.43290927382463,"{0: 20, 1: 0, 2: 0, 3: 0, 4: 0}",1
418,False,"{'a': 0.5, 'e': 0.015131296700674854}",30,12,36.42551948728852,"{0: 18, 1: 0, 2: 0, 3: 0, 4: 0}",1
419,False,"{'a': 0.5, 'e': 0.014979983733668104}",20,2,27.280304120743985,"{0: 18, 1: 0, 2: 0, 3: 0, 4: 0}",1
420,False,"{'a': 0.5, 'e': 0.014830183896331423}",25,14,17.590668742963675,"{0: 11, 1: 0, 2: 0, 3: 0, 4: 0}",1
421,False,"{'a': 0.5, 'e': 0.014681882057368109}",20,14,13.180217881604086,"{0: 6, 1: 0, 2: 0, 3: 0, 4: 0}",1
422,False,"{'a': 0.5, 'e': 0.014535063236794427}",25,13,17.32372803667417,"{0: 11, 1: 1, 2: 0, 3: 0, 4: 0}",1
423,False,"{'a': 0.5, 'e': 0.014389712604426484}",30,18,23.74958770917659,"{0: 12, 1: 0, 2: 0, 3: 0, 4: 0}",1
424,False,"{'a': 0.5, 'e': 0.014245815478382218}",20,10,15.219713083296915,"{0: 10, 1: 0, 2: 0, 3: 0, 4: 0}",1
425,False,"{'a': 0.5, 'e': 0.014103357323598397}",35,20,27.778891559042883,"{0: 15, 1: 0, 2: 0, 3: 0, 4: 0}",1
426,False,"{'a': 0.5, 'e': 0.013962323750362412}",25,11,21.777643845969312,"{0: 14, 1: 0, 2: 0, 3: 0, 4: 0}",1
427,False,"{'a': 0.5, 'e': 0.013822700512858787}",35,17,28.612028242958736,"{0: 17, 1: 1, 2: 0, 3: 0, 4: 0}",1
428,False,"{'a': 0.5, 'e': 0.013684473507730199}",25,5,31.6820979498265,"{0: 20, 1: 0, 2: 0, 3: 0, 4: 0}",1
429,False,"{'a': 0.5, 'e': 0.013547628772652897}",35,20,25.982627996066448,"{0: 15, 1: 0, 2: 0, 3: 0, 4: 0}",1
430,False,"{'a': 0.5, 'e': 0.013412152484926368}",30,18,25.204225272076584,"{0: 12, 1: 0, 2: 0, 3: 0, 4: 0}",1
431,False,"{'a': 0.5, 'e': 0.013278030960077104}",20,5,27.289880163208537,"{0: 15, 1: 0, 2: 0, 3: 0, 4: 0}",1
432,False,"{'a': 0.5, 'e': 0.013145250650476333}",20,14,10.786721458692455,"{0: 6, 1: 0, 2: 0, 3: 0, 4: 0}",1
433,False,"{'a': 0.5, 'e': 0.01301379814397157}",20,11,15.903405303411366,"{0: 9, 1: 0, 2: 0, 3: 0, 4: 0}",1
434,False,"{'a': 0.5, 'e': 0.012883660162531854}",25,13,20.633539266106354,"{0: 12, 1: 0, 2: 0, 3: 0, 4: 0}",1
435,False,"{'a': 0.5, 'e': 0.012754823560906535}",20,12,15.480786423041277,"{0: 8, 1: 0, 2: 0, 3: 0, 4: 0}",1
436,False,"{'a': 0.5, 'e': 0.01262727532529747}",20,12,12.986739875334477,"{0: 8, 1: 0, 2: 0, 3: 0, 4: 0}",1
437,False,"{'a': 0.5, 'e': 0.012501002572044496}",30,20,22.65659863646236,"{0: 10, 1: 0, 2: 0, 3: 0, 4: 0}",1
438,False,"{'a': 0.5, 'e': 0.01237599254632405}",20,10,17.05966674801281,"{0: 10, 1: 0, 2: 0, 3: 0, 4: 0}",1
439,False,"{'a': 0.5, 'e': 0.012252232620860809}",25,7,29.20920880811416,"{0: 18, 1: 0, 2: 0, 3: 0, 4: 0}",1
440,False,"{'a': 0.5, 'e': 0.012129710294652202}",20,16,8.209906510393658,"{0: 4, 1: 0, 2: 0, 3: 0, 4: 0}",1
441,False,"{'a': 0.5, 'e': 0.01200841319170568}",30,15,25.466515913966184,"{0: 15, 1: 0, 2: 0, 3: 0, 4: 0}",1
442,False,"{'a': 0.5, 'e': 0.011888329059788622}",30,16,24.03298783736831,"{0: 14, 1: 0, 2: 0, 3: 0, 4: 0}",1
443,False,"{'a': 0.5, 'e': 0.011769445769190735}",30,20,18.415012114624787,"{0: 10, 1: 0, 2: 0, 3: 0, 4: 0}",1
444,False,"{'a': 0.5, 'e': 0.011651751311498829}",25,13,21.47973180975524,"{0: 12, 1: 0, 2: 0, 3: 0, 4: 0}",1
445,False,"{'a': 0.5, 'e': 0.01153523379838384}",30,16,32.131342557744716,"{0: 14, 1: 0, 2: 0, 3: 0, 4: 0}",1
446,False,"{'a': 0.5, 'e': 0.011419881460400001}",35,18,15.199857912732332,"{0: 16, 1: 0, 2: 1, 3: 0, 4: 0}",1
447,False,"{'a': 0.5, 'e': 0.011305682645796001}",35,18,18.816786076595708,"{0: 16, 1: 0, 2: 1, 3: 0, 4: 0}",1
448,False,"{'a': 0.5, 'e': 0.011192625819338041}",20,13,15.840656875916451,"{0: 7, 1: 0, 2: 0, 3: 0, 4: 0}",1
449,False,"{'a': 0.5, 'e': 0.011080699561144661}",20,14,13.728511077776083,"{0: 6, 1: 0, 2: 0, 3: 0, 4: 0}",1
450,False,"{'a': 0.5, 'e': 0.010969892565533214}",25,19,9.251803384027431,"{0: 6, 1: 0, 2: 0, 3: 0, 4: 0}",1
451,False,"{'a': 0.5, 'e': 0.010860193639877882}",25,13,21.34031870984316,"{0: 12, 1: 0, 2: 0, 3: 0, 4: 0}",1
452,False,"{'a': 0.5, 'e': 0.010751591703479103}",30,10,37.323161096827995,"{0: 20, 1: 0, 2: 0, 3: 0, 4: 0}",1
453,False,"{'a': 0.5, 'e': 0.010644075786444312}",20,11,19.915421500188117,"{0: 9, 1: 0, 2: 0, 3: 0, 4: 0}",1
454,False,"{'a': 0.5, 'e': 0.01053763502857987}",25,13,20.21078586828517,"{0: 12, 1: 0, 2: 0, 3: 0, 4: 0}",1
455,False,"{'a': 0.5, 'e': 0.01043225867829407}",25,14,18.272053007477698,"{0: 11, 1: 0, 2: 0, 3: 0, 4: 0}",1
456,False,"{'a': 0.5, 'e': 0.01032793609151113}",20,6,20.6345553024294,"{0: 14, 1: 0, 2: 0, 3: 0, 4: 0}",1
457,False,"{'a': 0.5, 'e': 0.010224656730596018}",20,11,18.181683343622385,"{0: 9, 1: 0, 2: 0, 3: 0, 4: 0}",1
458,False,"{'a': 0.5, 'e': 0.010122410163290057}",20,12,14.485634550852497,"{0: 8, 1: 0, 2: 0, 3: 0, 4: 0}",1
459,False,"{'a': 0.5, 'e': 0.010021186061657156}",20,16,8.77903746394184,"{0: 4, 1: 0, 2: 0, 3: 0, 4: 0}",1
460,False,"{'a': 0.5, 'e': 0.009920974201040586}",25,16,17.1476610458477,"{0: 9, 1: 0, 2: 0, 3: 0, 4: 0}",1
461,False,"{'a': 0.5, 'e': 0.009821764459030179}",30,14,31.77558091809864,"{0: 16, 1: 0, 2: 0, 3: 0, 4: 0}",1
462,False,"{'a': 0.5, 'e': 0.009723546814439878}",20,15,10.860223156890253,"{0: 5, 1: 0, 2: 0, 3: 0, 4: 0}",1
463,False,"{'a': 0.5, 'e': 0.009626311346295479}",20,10,18.589312458823752,"{0: 10, 1: 0, 2: 0, 3: 0, 4: 0}",1
464,False,"{'a': 0.5, 'e': 0.009530048232832523}",30,18,24.108812369471934,"{0: 12, 1: 0, 2: 0, 3: 0, 4: 0}",1
465,False,"{'a': 0.5, 'e': 0.009434747750504199}",30,15,25.870364176596382,"{0: 15, 1: 0, 2: 0, 3: 0, 4: 0}",1
466,False,"{'a': 0.5, 'e': 0.009340400272999157}",30,16,29.184141672645453,"{0: 14, 1: 0, 2: 0, 3: 0, 4: 0}",1
467,False,"{'a': 0.5, 'e': 0.009246996270269165}",20,11,16.607192779986278,"{0: 9, 1: 0, 2: 0, 3: 0, 4: 0}",1
468,False,"{'a': 0.5, 'e': 0.009154526307566474}",20,12,14.453532201712088,"{0: 8, 1: 0, 2: 0, 3: 0, 4: 0}",1
469,False,"{'a': 0.5, 'e': 0.009062981044490808}",25,14,23.73554165662094,"{0: 11, 1: 0, 2: 0, 3: 0, 4: 0}",1
470,False,"{'a': 0.5, 'e': 0.0089723512340459}",30,19,22.88370266857746,"{0: 11, 1: 0, 2: 0, 3: 0, 4: 0}",1
471,False,"{'a': 0.5, 'e': 0.00888262772170544}",20,14,13.27669107351858,"{0: 6, 1: 0, 2: 0, 3: 0, 4: 0}",1
472,False,"{'a': 0.5, 'e': 0.008793801444488386}",20,9,21.343146283973837,"{0: 11, 1: 0, 2: 0, 3: 0, 4: 0}",1
473,False,"{'a': 0.5, 'e': 0.008705863430043502}",20,5,25.386562584064997,"{0: 15, 1: 0, 2: 0, 3: 0, 4: 0}",1
474,False,"{'a': 0.5, 'e': 0.008618804795743068}",30,18,24.520289280327027,"{0: 12, 1: 0, 2: 0, 3: 0, 4: 0}",1
475,False,"{'a': 0.5, 'e': 0.008532616747785637}",35,22,26.939324846426675,"{0: 13, 1: 0, 2: 0, 3: 0, 4: 0}",1
476,False,"{'a': 0.5, 'e': 0.00844729058030778}",30,16,28.826227369462224,"{0: 14, 1: 0, 2: 0, 3: 0, 4: 0}",1
477,False,"{'a': 0.5, 'e': 0.008362817674504702}",25,14,20.7456024779869,"{0: 11, 1: 0, 2: 0, 3: 0, 4: 0}",1
478,False,"{'a': 0.5, 'e': 0.008279189497759656}",20,13,13.278684996314654,"{0: 7, 1: 0, 2: 0, 3: 0, 4: 0}",1
479,False,"{'a': 0.5, 'e': 0.008196397602782058}",20,13,13.413915761350907,"{0: 7, 1: 0, 2: 0, 3: 0, 4: 0}",1
480,False,"{'a': 0.5, 'e': 0.008114433626754238}",20,14,11.948775924107625,"{0: 6, 1: 0, 2: 0, 3: 0, 4: 0}",1
481,False,"{'a': 0.5, 'e': 0.008033289290486696}",20,14,11.308471574940405,"{0: 6, 1: 0, 2: 0, 3: 0, 4: 0}",1
482,False,"{'a': 0.5, 'e': 0.00795295639758183}",20,12,15.40206181572457,"{0: 8, 1: 0, 2: 0, 3: 0, 4: 0}",1
483,False,"{'a': 0.5, 'e': 0.00787342683360601}",20,12,17.860690269415024,"{0: 8, 1: 0, 2: 0, 3: 0, 4: 0}",1
484,False,"{'a': 0.5, 'e': 0.0077946925652699495}",30,20,20.581217290442176,"{0: 10, 1: 0, 2: 0, 3: 0, 4: 0}",1
485,False,"{'a': 0.5, 'e': 0.00771674563961725}",20,16,7.8787226187111195,"{0: 4, 1: 0, 2: 0, 3: 0, 4: 0}",1
486,False,"{'a': 0.5, 'e': 0.007639578183221077}",30,18,20.97414315282826,"{0: 12, 1: 0, 2: 0, 3: 0, 4: 0}",1
487,False,"{'a': 0.5, 'e': 0.0075631824013888665}",20,13,13.65454826093929,"{0: 7, 1: 0, 2: 0, 3: 0, 4: 0}",1
488,False,"{'a': 0.5, 'e': 0.0074875505773749785}",20,12,16.81380645313478,"{0: 8, 1: 0, 2: 0, 3: 0, 4: 0}",1
489,False,"{'a': 0.5, 'e': 0.007412675071601228}",25,18,16.110681790562122,"{0: 7, 1: 0, 2: 0, 3: 0, 4: 0}",1
490,False,"{'a': 0.5, 'e': 0.007338548320885216}",25,13,24.272220869804425,"{0: 12, 1: 0, 2: 0, 3: 0, 4: 0}",1
491,False,"{'a': 0.5, 'e': 0.0072651628376763635}",20,11,19.949150645144613,"{0: 9, 1: 0, 2: 0, 3: 0, 4: 0}",1
492,False,"{'a': 0.5, 'e': 0.0071925112092996}",20,10,20.094321561120665,"{0: 10, 1: 0, 2: 0, 3: 0, 4: 0}",1
493,False,"{'a': 0.5, 'e': 0.007120586097206604}",25,17,19.272083123388008,"{0: 8, 1: 0, 2: 0, 3: 0, 4: 0}",1
494,False,"{'a': 0.5, 'e': 0.007049380236234538}",20,14,13.987393750518349,"{0: 6, 1: 0, 2: 0, 3: 0, 4: 0}",1
495,False,"{'a': 0.5, 'e': 0.006978886433872193}",25,11,25.115862522618745,"{0: 14, 1: 0, 2: 0, 3: 0, 4: 0}",1
496,False,"{'a': 0.5, 'e': 0.00690909756953347}",20,10,20.798782427020274,"{0: 10, 1: 0, 2: 0, 3: 0, 4: 0}",1
497,False,"{'a': 0.5, 'e': 0.006840006593838136}",25,17,15.373159927858241,"{0: 8, 1: 0, 2: 0, 3: 0, 4: 0}",1
498,False,"{'a': 0.5, 'e': 0.006771606527899755}",25,16,15.718910476947983,"{0: 9, 1: 0, 2: 0, 3: 0, 4: 0}",1
499,False,"{'a': 0.5, 'e': 0.0067038904626207565}",20,5,26.023423208817242,"{0: 15, 1: 0, 2: 0, 3: 0, 4: 0}",1
500,False,"{'a': 0.5, 'e': 0.006636851557994549}",20,12,13.315454000137365,"{0: 8, 1: 0, 2: 0, 3: 0, 4: 0}",1
501,False,"{'a': 0.5, 'e': 0.006570483042414603}",35,24,8.082058266553398,"{0: 10, 1: 0, 2: 1, 3: 0, 4: 0}",1
502,False,"{'a': 0.5, 'e': 0.006504778211990457}",25,10,26.133577391192702,"{0: 15, 1: 0, 2: 0, 3: 0, 4: 0}",1
503,False,"{'a': 0.5, 'e': 0.006439730429870553}",25,16,17.514025018484908,"{0: 9, 1: 0, 2: 0, 3: 0, 4: 0}",1
504,False,"{'a': 0.5, 'e': 0.006375333125571847}",30,22,14.347967303477937,"{0: 8, 1: 0, 2: 0, 3: 0, 4: 0}",1
505,False,"{'a': 0.5, 'e': 0.006311579794316129}",20,6,24.251664707424258,"{0: 14, 1: 0, 2: 0, 3: 0, 4: 0}",1
506,False,"{'a': 0.5, 'e': 0.006248463996372967}",20,6,25.18446741231175,"{0: 14, 1: 0, 2: 0, 3: 0, 4: 0}",1
507,False,"{'a': 0.5, 'e': 0.0061859793564092375}",20,16,6.826699448456182,"{0: 4, 1: 0, 2: 0, 3: 0, 4: 0}",1
508,False,"{'a': 0.5, 'e': 0.006124119562845145}",20,12,16.03266857291046,"{0: 8, 1: 0, 2: 0, 3: 0, 4: 0}",1
509,False,"{'a': 0.5, 'e': 0.0060628783672166935}",25,9,30.809107679520373,"{0: 16, 1: 0, 2: 0, 3: 0, 4: 0}",1
510,False,"{'a': 0.5, 'e': 0.006002249583544526}",25,12,25.085401483444492,"{0: 13, 1: 0, 2: 0, 3: 0, 4: 0}",1
511,False,"{'a': 0.5, 'e': 0.005942227087709081}",20,8,22.66224823534714,"{0: 12, 1: 0, 2: 0, 3: 0, 4: 0}",1
512,False,"{'a': 0.5, 'e': 0.00588280481683199}",20,16,10.247937174614325,"{0: 4, 1: 0, 2: 0, 3: 0, 4: 0}",1
513,False,"{'a': 0.5, 'e': 0.005823976768663671}",30,14,34.56799420458294,"{0: 16, 1: 0, 2: 0, 3: 0, 4: 0}",1
514,False,"{'a': 0.5, 'e': 0.0057657370009770335}",20,6,26.067252865647628,"{0: 14, 1: 0, 2: 0, 3: 0, 4: 0}",1
515,False,"{'a': 0.5, 'e': 0.005708079630967263}",25,10,29.99439701333722,"{0: 15, 1: 0, 2: 0, 3: 0, 4: 0}",1
516,False,"{'a': 0.5, 'e': 0.00565099883465759}",30,23,14.93477682178472,"{0: 7, 1: 0, 2: 0, 3: 0, 4: 0}",1
517,False,"{'a': 0.5, 'e': 0.005594488846311015}",20,12,14.709642273522066,"{0: 8, 1: 0, 2: 0, 3: 0, 4: 0}",1
518,False,"{'a': 0.5, 'e': 0.005538543957847904}",25,11,23.982922019904954,"{0: 14, 1: 0, 2: 0, 3: 0, 4: 0}",1
519,False,"{'a': 0.5, 'e': 0.005483158518269426}",20,2,29.522656715117314,"{0: 18, 1: 0, 2: 0, 3: 0, 4: 0}",1
520,False,"{'a': 0.5, 'e': 0.005428326933086731}",30,17,24.16747841904492,"{0: 13, 1: 0, 2: 0, 3: 0, 4: 0}",1
521,False,"{'a': 0.5, 'e': 0.005374043663755864}",20,8,21.605283950838505,"{0: 12, 1: 0, 2: 0, 3: 0, 4: 0}",1
522,False,"{'a': 0.5, 'e': 0.005320303227118305}",20,12,16.2788449370994,"{0: 8, 1: 0, 2: 0, 3: 0, 4: 0}",1
523,False,"{'a': 0.5, 'e': 0.005267100194847122}",25,11,25.82855133298966,"{0: 14, 1: 0, 2: 0, 3: 0, 4: 0}",1
524,False,"{'a': 0.5, 'e': 0.005214429192898651}",25,8,31.574805704716866,"{0: 17, 1: 0, 2: 0, 3: 0, 4: 0}",1
525,False,"{'a': 0.5, 'e': 0.005162284900969664}",35,19,33.19374806787477,"{0: 16, 1: 0, 2: 0, 3: 0, 4: 0}",1
526,False,"{'a': 0.5, 'e': 0.005110662051959968}",25,19,10.36661487218673,"{0: 6, 1: 0, 2: 0, 3: 0, 4: 0}",1
527,False,"{'a': 0.5, 'e': 0.005059555431440368}",20,8,21.57814463903216,"{0: 12, 1: 0, 2: 0, 3: 0, 4: 0}",1
528,False,"{'a': 0.5, 'e': 0.005008959877125964}",25,10,26.493292302537842,"{0: 15, 1: 0, 2: 0, 3: 0, 4: 0}",1
529,False,"{'a': 0.5, 'e': 0.0049588702783547045}",25,15,18.125409954524194,"{0: 10, 1: 0, 2: 0, 3: 0, 4: 0}",1
1,True,"{'a': 0, 'e': 0}",35,18,29.716653837098363,"{0: 17, 1: 0, 2: 0, 3: 0, 4: 0}",1
2,True,"{'a': 0, 'e': 0}",20,15,11.111585639574722,"{0: 5, 1: 0, 2: 0, 3: 0, 4: 0}",1
3,True,"{'a': 0, 'e': 0}",20,12,14.413395370541217,"{0: 8, 1: 0, 2: 0, 3: 0, 4: 0}",1
4,True,"{'a': 0, 'e': 0}",30,18,22.31738604987507,"{0: 12, 1: 0, 2: 0, 3: 0, 4: 0}",1
5,True,"{'a': 0, 'e': 0}",25,19,10.975353937708473,"{0: 6, 1: 0, 2: 0, 3: 0, 4: 0}",1
6,True,"{'a': 0, 'e': 0}",25,15,22.85482396647647,"{0: 10, 1: 0, 2: 0, 3: 0, 4: 0}",1
7,True,"{'a': 0, 'e': 0}",20,11,16.544916106634744,"{0: 9, 1: 0, 2: 0, 3: 0, 4: 0}",1
8,True,"{'a': 0, 'e': 0}",25,7,34.980481471613814,"{0: 18, 1: 0, 2: 0, 3: 0, 4: 0}",1
9,True,"{'a': 0, 'e': 0}",25,18,12.052170116435468,"{0: 7, 1: 0, 2: 0, 3: 0, 4: 0}",1
10,True,"{'a': 0, 'e': 0}",30,15,29.479699158190108,"{0: 15, 1: 0, 2: 0, 3: 0, 4: 0}",1
11,True,"{'a': 0, 'e': 0}",20,10,20.522916133314844,"{0: 10, 1: 0, 2: 0, 3: 0, 4: 0}",1
12,True,"{'a': 0, 'e': 0}",20,12,13.840986109557583,"{0: 8, 1: 0, 2: 0, 3: 0, 4: 0}",1
13,True,"{'a': 0, 'e': 0}",25,17,14.488270855424606,"{0: 8, 1: 0, 2: 0, 3: 0, 4: 0}",1
14,True,"{'a': 0, 'e': 0}",20,14,14.58148802449892,"{0: 6, 1: 0, 2: 0, 3: 0, 4: 0}",1
15,True,"{'a': 0, 'e': 0}",20,12,16.16875118585272,"{0: 8, 1: 0, 2: 0, 3: 0, 4: 0}",1
16,True,"{'a': 0, 'e': 0}",20,13,11.442766072054189,"{0: 7, 1: 0, 2: 0, 3: 0, 4: 0}",1
17,True,"{'a': 0, 'e': 0}",20,9,21.462404245763402,"{0: 11, 1: 0, 2: 0, 3: 0, 4: 0}",1
18,True,"{'a': 0, 'e': 0}",30,19,20.859423293868705,"{0: 11, 1: 0, 2: 0, 3: 0, 4: 0}",1
19,True,"{'a': 0, 'e': 0}",25,15,20.38612596485701,"{0: 10, 1: 0, 2: 0, 3: 0, 4: 0}",1
20,True,"{'a': 0, 'e': 0}",20,12,13.405789986623972,"{0: 8, 1: 0, 2: 0, 3: 0, 4: 0}",1
21,True,"{'a': 0, 'e': 0}",30,16,25.42719385461576,"{0: 14, 1: 0, 2: 0, 3: 0, 4: 0}",1
22,True,"{'a': 0, 'e': 0}",20,10,16.772372036635446,"{0: 10, 1: 0, 2: 0, 3: 0, 4: 0}",1
23,True,"{'a': 0, 'e': 0}",20,9,19.302889612662245,"{0: 11, 1: 0, 2: 0, 3: 0, 4: 0}",1
24,True,"{'a': 0, 'e': 0}",25,10,29.67861477329382,"{0: 15, 1: 0, 2: 0, 3: 0, 4: 0}",1
25,True,"{'a': 0, 'e': 0}",25,9,25.14517958346472,"{0: 16, 1: 0, 2: 0, 3: 0, 4: 0}",1
26,True,"{'a': 0, 'e': 0}",20,9,20.79085907363992,"{0: 11, 1: 0, 2: 0, 3: 0, 4: 0}",1
27,True,"{'a': 0, 'e': 0}",30,18,24.016625656772057,"{0: 12, 1: 0, 2: 0, 3: 0, 4: 0}",1
28,True,"{'a': 0, 'e': 0}",25,16,19.31317569287781,"{0: 9, 1: 0, 2: 0, 3: 0, 4: 0}",1
29,True,"{'a': 0, 'e': 0}",35,16,35.965440343564694,"{0: 19, 1: 0, 2: 0, 3: 0, 4: 0}",1
30,True,"{'a': 0, 'e': 0}",20,9,23.20647610158762,"{0: 11, 1: 0, 2: 0, 3: 0, 4: 0}",1
31,True,"{'a': 0, 'e': 0}",30,20,19.197130705404053,"{0: 10, 1: 0, 2: 0, 3: 0, 4: 0}",1
32,True,"{'a': 0, 'e': 0}",30,17,29.542198473222648,"{0: 13, 1: 0, 2: 0, 3: 0, 4: 0}",1
33,True,"{'a': 0, 'e': 0}",25,8,34.65427219188779,"{0: 17, 1: 0, 2: 0, 3: 0, 4: 0}",1
34,True,"{'a': 0, 'e': 0}",20,9,20.18410282744786,"{0: 11, 1: 0, 2: 0, 3: 0, 4: 0}",1
35,True,"{'a': 0, 'e': 0}",20,6,24.936119099612966,"{0: 14, 1: 0, 2: 0, 3: 0, 4: 0}",1
36,True,"{'a': 0, 'e': 0}",25,15,20.14126025896379,"{0: 10, 1: 0, 2: 0, 3: 0, 4: 0}",1
37,True,"{'a': 0, 'e': 0}",35,25,18.847691759548116,"{0: 10, 1: 0, 2: 0, 3: 0, 4: 0}",1
38,True,"{'a': 0, 'e': 0}",30,18,22.14283249702418,"{0: 12, 1: 0, 2: 0, 3: 0, 4: 0}",1
39,True,"{'a': 0, 'e': 0}",20,12,18.940881509352536,"{0: 8, 1: 0, 2: 0, 3: 0, 4: 0}",1
40,True,"{'a': 0, 'e': 0}",35,18,34.35025457537315,"{0: 17, 1: 0, 2: 0, 3: 0, 4: 0}",1
41,True,"{'a': 0, 'e': 0}",30,16,24.73128426931148,"{0: 14, 1: 0, 2: 0, 3: 0, 4: 0}",1
42,True,"{'a': 0, 'e': 0}",25,1,41.30200845910151,"{0: 24, 1: 0, 2: 0, 3: 0, 4: 0}",1
43,True,"{'a': 0, 'e': 0}",20,13,13.679167769953047,"{0: 7, 1: 0, 2: 0, 3: 0, 4: 0}",1
44,True,"{'a': 0, 'e': 0}",30,21,17.528445070504585,"{0: 9, 1: 0, 2: 0, 3: 0, 4: 0}",1
45,True,"{'a': 0, 'e': 0}",20,9,24.30816346961907,"{0: 11, 1: 0, 2: 0, 3: 0, 4: 0}",1
46,True,"{'a': 0, 'e': 0}",30,14,34.644704868532784,"{0: 16, 1: 0, 2: 0, 3: 0, 4: 0}",1
47,True,"{'a': 0, 'e': 0}",20,13,12.620175740701967,"{0: 7, 1: 0, 2: 0, 3: 0, 4: 0}",1
48,True,"{'a': 0, 'e': 0}",25,10,31.671463550367257,"{0: 15, 1: 0, 2: 0, 3: 0, 4: 0}",1
49,True,"{'a': 0, 'e': 0}",30,16,24.7211932128956,"{0: 14, 1: 0, 2: 0, 3: 0, 4: 0}",1
50,True,"{'a': 0, 'e': 0}",20,15,10.206881325766046,"{0: 5, 1: 0, 2: 0, 3: 0, 4: 0}",1
